Objects, 1
Object:, First Vertice:, Vertices:, First Triangle:, Triangles:
Sphere.001, 1, 482, 1, 1024, tail

Vertices, 482
Vertice:, X:, Y:, Z:
1, 0.0, 18.815828323364258, 2.9423553943634033
2, 0.5629945993423462, 18.927814923226833, -2.88581919670105
3, 1.1043546199798584, 19.03549811244011, -2.7183821201324463
4, 1.603274941444397, 19.13473954796791, -2.446479320526123
5, 2.0405819416046143, 19.221725344657898, -2.080559492111206
6, 2.399470806121826, 19.293112754821777, -1.6346848011016846
7, 2.6661489009857178, 19.34615832567215, -1.1259901523590088
8, 2.8303685188293457, 19.378823697566986, -0.5740246176719666
9, 2.8858187198638916, 19.389853417873383, 1.7537804808398505e-07
10, 2.8303685188293457, 19.37882363796234, 0.5740251541137695
11, 2.6661489009857178, 19.34615832567215, 1.1259905099868774
12, 2.399470806121826, 19.293112754821777, 1.6346849203109741
13, 2.0405819416046143, 19.221725344657898, 2.080559492111206
14, 1.6032750606536865, 19.134739577770233, 2.446479082107544
15, 1.1043550968170166, 19.0354982316494, 2.718381881713867
16, 0.5629953145980835, 18.927815057337284, 2.8858187198638916
17, 0.5303300023078918, 19.035498201847076, 2.8858187198638916
18, 1.040279746055603, 19.24672630429268, 2.718381881713867
19, 1.5102521181106567, 19.441395223140717, 2.446479082107544
20, 1.922186255455017, 19.612023949623108, 2.080559492111206
21, 2.260251998901367, 19.75205534696579, 1.6346849203109741
22, 2.5114572048187256, 19.85610795021057, 1.1259905099868774
23, 2.6661486625671387, 19.920183420181274, 0.5740251541137695
24, 2.718381643295288, 19.941818952560425, 1.7537804808398505e-07
25, 2.6661489009857178, 19.920183420181274, -0.5740246176719666
26, 2.5114572048187256, 19.85610806941986, -1.1259901523590088
27, 2.260251998901367, 19.75205534696579, -1.6346848011016846
28, 1.922186255455017, 19.612023949623108, -2.080559492111206
29, 1.5102518796920776, 19.441395163536072, -2.446479320526123
30, 1.0402792692184448, 19.246726125478745, -2.7183821201324463
31, 0.5303293466567993, 19.035497918725014, -2.88581919670105
32, -8.857612101564882e-07, 18.815827956469917, -2.9423553943634033
33, 0.477283775806427, 19.134739130735397, -2.88581919670105
34, 0.9362266063690186, 19.441394984722137, -2.7183821201324463
35, 1.3591907024383545, 19.724010586738586, -2.446479320526123
36, 1.729921817779541, 19.97172522544861, -2.080559492111206
37, 2.034173011779785, 20.17501926422119, -1.6346848011016846
38, 2.260251760482788, 20.326080441474915, -1.1259901523590088
39, 2.399470567703247, 20.419103264808655, -0.5740246176719666
40, 2.4464786052703857, 20.450513243675232, 1.7537804808398505e-07
41, 2.399470329284668, 20.419103264808655, 0.5740251541137695
42, 2.260251522064209, 20.326080203056335, 1.1259905099868774
43, 2.034173011779785, 20.17501926422119, 1.6346849203109741
44, 1.729921817779541, 19.97172522544861, 2.080559492111206
45, 1.3591909408569336, 19.72401076555252, 2.446479082107544
46, 0.9362269639968872, 19.441395223140717, 2.718381881713867
47, 0.47728434205055237, 19.13473954796791, 2.8858187198638916
48, 0.405896931886673, 19.221725285053253, 2.8858187198638916
49, 0.7961955666542053, 19.612023890018463, 2.718381881713867
50, 1.155896782875061, 19.97172522544861, 2.446479082107544
51, 1.471177577972412, 20.28700590133667, 2.080559492111206
52, 1.729921817779541, 20.5457501411438, 1.6346849203109741
53, 1.9221858978271484, 20.738014340400696, 1.1259905099868774
54, 2.040581703186035, 20.856410026550293, 0.5740251541137695
55, 2.080559015274048, 20.896387577056885, 1.7537804808398505e-07
56, 2.040581703186035, 20.856410026550293, -0.5740246176719666
57, 1.922186017036438, 20.738014578819275, -1.1259901523590088
58, 1.729921817779541, 20.5457501411438, -1.6346848011016846
59, 1.471177577972412, 20.28700590133667, -2.080559492111206
60, 1.1558966636657715, 19.97172498703003, -2.446479320526123
61, 0.7961952090263367, 19.61202359199524, -2.7183821201324463
62, 0.40589648485183716, 19.221724808216095, -2.88581919670105
63, 0.3189108073711395, 19.293112099170685, -2.88581919670105
64, 0.6255665421485901, 19.752054929733276, -2.7183821201324463
65, 0.9081820845603943, 20.175019025802612, -2.446479320526123
66, 1.1558966636657715, 20.5457501411438, -2.080559492111206
67, 1.359190821647644, 20.850001096725464, -1.6346848011016846
68, 1.510251760482788, 21.076080083847046, -1.1259901523590088
69, 1.6032747030258179, 21.215298652648926, -0.5740246176719666
70, 1.6346848011016846, 21.262306928634644, 1.7537804808398505e-07
71, 1.6032745838165283, 21.215298652648926, 0.5740251541137695
72, 1.510251522064209, 21.076079845428467, 1.1259905099868774
73, 1.359190821647644, 20.850001096725464, 1.6346849203109741
74, 1.1558966636657715, 20.5457501411438, 2.080559492111206
75, 0.9081822633743286, 20.17501926422119, 2.446479082107544
76, 0.6255667805671692, 19.752055287361145, 2.718381881713867
77, 0.3189111351966858, 19.29311266541481, 2.8858187198638916
78, 0.21966978907585144, 19.346158266067505, 2.8858187198638916
79, 0.43089786171913147, 19.85610795021057, 2.718381881713867
80, 0.6255667209625244, 20.326080203056335, 2.446479082107544
81, 0.7961954474449158, 20.738014578819275, 2.080559492111206
82, 0.9362268447875977, 21.076079845428467, 1.6346849203109741
83, 1.0402792692184448, 21.327285289764404, 1.1259905099868774
84, 1.1043546199798584, 21.481976747512817, 0.5740251541137695
85, 1.125990390777588, 21.534209728240967, 1.7537804808398505e-07
86, 1.104354739189148, 21.481976747512817, -0.5740246176719666
87, 1.0402793884277344, 21.327285528182983, -1.1259901523590088
88, 0.9362268447875977, 21.076079845428467, -1.6346848011016846
89, 0.7961954474449158, 20.738014578819275, -2.080559492111206
90, 0.6255666017532349, 20.326080083847046, -2.446479320526123
91, 0.43089768290519714, 19.856107473373413, -2.7183821201324463
92, 0.21966958045959473, 19.346157670021057, -2.88581919670105
93, 0.11198657006025314, 19.378822922706604, -2.88581919670105
94, 0.21966968476772308, 19.920182704925537, -2.7183821201324463
95, 0.31891101598739624, 20.419103026390076, -2.446479320526123
96, 0.4058968424797058, 20.856410264968872, -2.080559492111206
97, 0.47728431224823, 21.215298414230347, -1.6346848011016846
98, 0.5303296446800232, 21.481976747512817, -1.1259901523590088
99, 0.5629950761795044, 21.646196365356445, -0.5740246176719666
100, 0.5740248560905457, 21.701646327972412, 1.7537804808398505e-07
101, 0.5629948973655701, 21.646196126937866, 0.5740251541137695
102, 0.5303296446800232, 21.48197650909424, 1.1259905099868774
103, 0.47728431224823, 21.215298414230347, 1.6346849203109741
104, 0.4058968424797058, 20.856410264968872, 2.080559492111206
105, 0.3189111053943634, 20.419103264808655, 2.446479082107544
106, 0.21966977417469025, 19.920183181762695, 2.718381881713867
107, 0.11198665201663971, 19.378823578357697, 2.8858187198638916
108, -6.278793307501473e-08, 19.38985323905945, 2.8858187198638916
109, -7.404010915479375e-08, 19.941818714141846, 2.718381881713867
110, -1.1213079886829291e-07, 20.450513124465942, 2.446479082107544
111, -1.6723940632346057e-07, 20.896387577056885, 2.080559492111206
112, -1.5554020293961912e-08, 21.262306928634644, 1.6346849203109741
113, -2.595433841179329e-07, 21.534209489822388, 1.1259905099868774
114, -2.7248657374912e-07, 21.701646327972412, 0.5740251541137695
115, -7.81520128612101e-08, 21.758182764053345, 1.7537804808398505e-07
116, -1.3469293946855032e-07, 21.70164656639099, -0.5740246176719666
117, -2.5075587473111227e-07, 21.534209728240967, -1.1259901523590088
118, -1.5554020293961912e-08, 21.262306928634644, -1.6346848011016846
119, -1.6723940632346057e-07, 20.896387577056885, -2.080559492111206
120, -1.639203333070327e-07, 20.450512886047363, -2.446479320526123
121, -7.450781680518048e-08, 19.941818237304688, -2.7183821201324463
122, -2.048743041882517e-08, 19.389852583408356, -2.88581919670105
123, -0.11198659986257553, 19.37882286310196, -2.88581919670105
124, -0.21966981887817383, 19.920182704925537, -2.7183821201324463
125, -0.3189113140106201, 20.419102907180786, -2.446479320526123
126, -0.4058971405029297, 20.856410026550293, -2.080559492111206
127, -0.47728431224823, 21.215298414230347, -1.6346848011016846
128, -0.5303301811218262, 21.48197650909424, -1.1259901523590088
129, -0.5629953742027283, 21.646196126937866, -0.5740246176719666
130, -0.5740249752998352, 21.701646327972412, 1.7537804808398505e-07
131, -0.562995433807373, 21.646195888519287, 0.5740251541137695
132, -0.5303301215171814, 21.48197650909424, 1.1259905099868774
133, -0.47728431224823, 21.215298414230347, 1.6346849203109741
134, -0.4058971405029297, 20.856410026550293, 2.080559492111206
135, -0.31891128420829773, 20.419103026390076, 2.446479082107544
136, -0.219669908285141, 19.920183062553406, 2.718381881713867
137, -0.11198677867650986, 19.37882351875305, 2.8858187198638916
138, -0.2196698784828186, 19.346158146858215, 2.8858187198638916
139, -0.43089795112609863, 19.856107711791992, 2.718381881713867
140, -0.6255668997764587, 20.326080083847046, 2.446479082107544
141, -0.7961957454681396, 20.738014340400696, 2.080559492111206
142, -0.9362267851829529, 21.076079607009888, 1.6346849203109741
143, -1.0402796268463135, 21.327284812927246, 1.1259905099868774
144, -1.104354977607727, 21.48197603225708, 0.5740251541137695
145, -1.125990390777588, 21.53420925140381, 1.7537804808398505e-07
146, -1.104354977607727, 21.48197650909424, -0.5740246176719666
147, -1.040279746055603, 21.327285051345825, -1.1259901523590088
148, -0.9362267851829529, 21.076079607009888, -1.6346848011016846
149, -0.7961957454681396, 20.738014340400696, -2.080559492111206
150, -0.625566840171814, 20.326079845428467, -2.446479320526123
151, -0.4308977723121643, 19.856107354164124, -2.7183821201324463
152, -0.21966959536075592, 19.346157550811768, -2.88581919670105
153, -0.3189108073711395, 19.293112009763718, -2.88581919670105
154, -0.6255665421485901, 19.752054631710052, -2.7183821201324463
155, -0.9081821441650391, 20.175018668174744, -2.446479320526123
156, -1.1558969020843506, 20.54575002193451, -2.080559492111206
157, -1.359190583229065, 20.850000619888306, -1.6346848011016846
158, -1.5102518796920776, 21.07607936859131, -1.1259901523590088
159, -1.6032747030258179, 21.215298175811768, -0.5740246176719666
160, -1.6346845626831055, 21.262306451797485, 1.7537804808398505e-07
161, -1.6032747030258179, 21.21529769897461, 0.5740251541137695
162, -1.510251760482788, 21.07607913017273, 1.1259905099868774
163, -1.359190583229065, 20.850000619888306, 1.6346849203109741
164, -1.1558969020843506, 20.54575002193451, 2.080559492111206
165, -0.9081822633743286, 20.175018906593323, 2.446479082107544
166, -0.6255667805671692, 19.75205498933792, 2.718381881713867
167, -0.31891122460365295, 19.29311254620552, 2.8858187198638916
168, -0.405896931886673, 19.221725165843964, 2.8858187198638916
169, -0.7961954474449158, 19.61202359199524, 2.718381881713867
170, -1.1558966636657715, 19.97172474861145, 2.446479082107544
171, -1.471177577972412, 20.28700566291809, 2.080559492111206
172, -1.7299213409423828, 20.54574954509735, 1.6346849203109741
173, -1.9221856594085693, 20.73801350593567, 1.1259905099868774
174, -2.040581464767456, 20.856409311294556, 0.5740251541137695
175, -2.0805587768554688, 20.896386861801147, 1.7537804808398505e-07
176, -2.040581464767456, 20.856409549713135, -0.5740246176719666
177, -1.9221858978271484, 20.73801362514496, -1.1259901523590088
178, -1.7299213409423828, 20.54574954509735, -1.6346848011016846
179, -1.471177577972412, 20.28700566291809, -2.080559492111206
180, -1.155896544456482, 19.97172474861145, -2.446479320526123
181, -0.7961950898170471, 19.61202335357666, -2.7183821201324463
182, -0.40589645504951477, 19.221724718809128, -2.88581919670105
183, -0.4772837162017822, 19.13473904132843, -2.88581919670105
184, -0.9362263083457947, 19.44139474630356, -2.7183821201324463
185, -1.3591904640197754, 19.724010229110718, -2.446479320526123
186, -1.7299216985702515, 19.97172486782074, -2.080559492111206
187, -2.034172296524048, 20.175018548965454, -1.6346848011016846
188, -2.26025128364563, 20.326079607009888, -1.1259901523590088
189, -2.3994698524475098, 20.419102668762207, -0.5740246176719666
190, -2.4464781284332275, 20.450512528419495, 1.7537804808398505e-07
191, -2.3994698524475098, 20.41910231113434, 0.5740251541137695
192, -2.260251045227051, 20.32607936859131, 1.1259905099868774
193, -2.034172296524048, 20.175018548965454, 1.6346849203109741
194, -1.7299216985702515, 19.97172486782074, 2.080559492111206
195, -1.3591907024383545, 19.724010229110718, 2.446479082107544
196, -0.9362267851829529, 19.441394865512848, 2.718381881713867
197, -0.4772842526435852, 19.1347393989563, 2.8858187198638916
198, -0.5303298234939575, 19.035498082637787, 2.8858187198638916
199, -1.0402793884277344, 19.246726006269455, 2.718381881713867
200, -1.510251522064209, 19.44139474630356, 2.446479082107544
201, -1.9221858978271484, 19.61202359199524, 2.080559492111206
202, -2.260251045227051, 19.752054750919342, 1.6346849203109741
203, -2.511456251144409, 19.856107115745544, 1.1259905099868774
204, -2.6661479473114014, 19.920182466506958, 0.5740251541137695
205, -2.7183806896209717, 19.941818237304688, 1.7537804808398505e-07
206, -2.6661479473114014, 19.920182824134827, -0.5740246176719666
207, -2.5114564895629883, 19.856107354164124, -1.1259901523590088
208, -2.260251045227051, 19.752054750919342, -1.6346848011016846
209, -1.9221858978271484, 19.61202359199524, -2.080559492111206
210, -1.5102514028549194, 19.441394805908203, -2.446479320526123
211, -1.0402789115905762, 19.246725916862488, -2.7183821201324463
212, -0.5303292274475098, 19.035497829318047, -2.88581919670105
213, -0.5629944801330566, 18.927814833819866, -2.88581919670105
214, -1.1043541431427002, 19.03549799323082, -2.7183821201324463
215, -1.6032742261886597, 19.13473927974701, -2.446479320526123
216, -2.040581464767456, 19.221725076436996, -2.080559492111206
217, -2.3994696140289307, 19.29311227798462, -1.6346848011016846
218, -2.6661477088928223, 19.346157789230347, -1.1259901523590088
219, -2.83036732673645, 19.378823280334473, -0.5740246176719666
220, -2.885817527770996, 19.38985288143158, 1.7537804808398505e-07
221, -2.83036732673645, 19.378822922706604, 0.5740251541137695
222, -2.6661477088928223, 19.346157670021057, 1.1259905099868774
223, -2.3994696140289307, 19.29311227798462, 1.6346849203109741
224, -2.040581464767456, 19.221725076436996, 2.080559492111206
225, -1.6032743453979492, 19.134739190340042, 2.446479082107544
226, -1.1043546199798584, 19.03549799323082, 2.718381881713867
227, -0.5629951357841492, 18.927814953029156, 2.8858187198638916
228, -0.5740248560905457, 18.815828256182584, 2.8858187198638916
229, -1.1259901523590088, 18.81582819314086, 2.718381881713867
230, -1.6346842050552368, 18.815828077365865, 2.446479082107544
231, -2.0805587768554688, 18.815828172764427, 2.080559492111206
232, -2.4464778900146484, 18.81582806643752, 1.6346849203109741
233, -2.7183804512023926, 18.815827899664782, 1.1259905099868774
234, -2.885817289352417, 18.815827852507, 0.5740251541137695
235, -2.9423539638519287, 18.815828046841574, 1.7537804808398505e-07
236, -2.885817527770996, 18.815828196523412, -0.5740246176719666
237, -2.7183806896209717, 18.815827994456356, -1.1259901523590088
238, -2.4464778900146484, 18.81582806643752, -1.6346848011016846
239, -2.0805587768554688, 18.815828172764427, -2.080559492111206
240, -1.6346840858459473, 18.815828197584523, -2.446479320526123
241, -1.1259896755218506, 18.81582827867726, -2.7183821201324463
242, -0.5740242004394531, 18.815828266231545, -2.88581919670105
243, -0.5629944205284119, 18.70384170114994, -2.88581919670105
244, -1.1043540239334106, 18.59615859389305, -2.7183821201324463
245, -1.6032739877700806, 18.49691715836525, -2.446479320526123
246, -2.040581226348877, 18.409931302070618, -2.080559492111206
247, -2.3994693756103516, 18.33854389190674, -1.6346848011016846
248, -2.6661477088928223, 18.28549826145172, -1.1259901523590088
249, -2.83036732673645, 18.252833127975464, -0.5740246176719666
250, -2.885817289352417, 18.241803228855133, 1.7537804808398505e-07
251, -2.830367088317871, 18.25283282995224, 0.5740251541137695
252, -2.666147470474243, 18.28549814224243, 1.1259905099868774
253, -2.3994693756103516, 18.33854389190674, 1.6346849203109741
254, -2.040581226348877, 18.409931302070618, 2.080559492111206
255, -1.6032742261886597, 18.496917009353638, 2.446479082107544
256, -1.1043545007705688, 18.596158415079117, 2.718381881713867
257, -0.5629950761795044, 18.70384156703949, 2.8858187198638916
258, -0.5303297638893127, 18.5961584597826, 2.8858187198638916
259, -1.0402791500091553, 18.384930431842804, 2.718381881713867
260, -1.5102512836456299, 18.19026154279709, 2.446479082107544
261, -1.9221855401992798, 18.019632875919342, 2.080559492111206
262, -2.2602508068084717, 17.879601538181305, 1.6346849203109741
263, -2.511455774307251, 17.775548815727234, 1.1259905099868774
264, -2.666147232055664, 17.71147346496582, 0.5740251541137695
265, -2.7183804512023926, 17.68983793258667, 1.7537804808398505e-07
266, -2.666147470474243, 17.7114737033844, -0.5740246176719666
267, -2.51145601272583, 17.775548815727234, -1.1259901523590088
268, -2.2602508068084717, 17.879601538181305, -1.6346848011016846
269, -1.9221855401992798, 18.019632875919342, -2.080559492111206
270, -1.5102510452270508, 18.190261721611023, -2.446479320526123
271, -1.0402787923812866, 18.384930670261383, -2.7183821201324463
272, -0.530329167842865, 18.596158728003502, -2.88581919670105
273, -0.4772835969924927, 18.49691751599312, -2.88581919670105
274, -0.9362260699272156, 18.190261960029602, -2.7183821201324463
275, -1.3591899871826172, 17.907646417617798, -2.446479320526123
276, -1.7299212217330933, 17.659931778907776, -2.080559492111206
277, -2.0341718196868896, 17.456637859344482, -1.6346848011016846
278, -2.2602503299713135, 17.30557680130005, -1.1259901523590088
279, -2.3994691371917725, 17.212554097175598, -0.5740246176719666
280, -2.4464776515960693, 17.181143879890442, 1.7537804808398505e-07
281, -2.3994688987731934, 17.21255373954773, 0.5740251541137695
282, -2.2602503299713135, 17.30557680130005, 1.1259905099868774
283, -2.0341718196868896, 17.456637859344482, 1.6346849203109741
284, -1.7299212217330933, 17.659931778907776, 2.080559492111206
285, -1.3591901063919067, 17.907646238803864, 2.446479082107544
286, -0.936226487159729, 18.190261602401733, 2.718381881713867
287, -0.47728413343429565, 18.49691715836525, 2.8858187198638916
288, -0.40589675307273865, 18.40993145108223, 2.8858187198638916
289, -0.7961950898170471, 18.019633054733276, 2.718381881713867
290, -1.1558960676193237, 17.659931898117065, 2.446479082107544
291, -1.4711768627166748, 17.344651103019714, 2.080559492111206
292, -1.7299206256866455, 17.085907101631165, 1.6346849203109741
293, -1.9221848249435425, 16.893642783164978, 1.1259905099868774
294, -2.0405805110931396, 16.77524709701538, 0.5740251541137695
295, -2.0805580615997314, 16.735269784927368, 1.7537804808398505e-07
296, -2.0405805110931396, 16.77524733543396, -0.5740246176719666
297, -1.9221848249435425, 16.893642783164978, -1.1259901523590088
298, -1.7299206256866455, 17.085907101631165, -1.6346848011016846
299, -1.4711768627166748, 17.344651103019714, -2.080559492111206
300, -1.1558959484100342, 17.659932136535645, -2.446479320526123
301, -0.7961947917938232, 18.01963347196579, -2.7183821201324463
302, -0.40589630603790283, 18.409931927919388, -2.88581919670105
303, -0.3189106583595276, 18.338544696569443, -2.88581919670105
304, -0.6255661845207214, 17.879602253437042, -2.7183821201324463
305, -0.9081815481185913, 17.45663833618164, -2.446479320526123
306, -1.1558961868286133, 17.085907101631165, -2.080559492111206
307, -1.359189748764038, 16.781656503677368, -1.6346848011016846
308, -1.5102506875991821, 16.555577516555786, -1.1259901523590088
309, -1.603273630142212, 16.416359186172485, -0.5740246176719666
310, -1.6346837282180786, 16.36935043334961, 1.7537804808398505e-07
311, -1.6032735109329224, 16.416358947753906, 0.5740251541137695
312, -1.5102506875991821, 16.555577516555786, 1.1259905099868774
313, -1.359189748764038, 16.781656503677368, 1.6346849203109741
314, -1.1558961868286133, 17.085907101631165, 2.080559492111206
315, -0.9081816077232361, 17.456637978553772, 2.446479082107544
316, -0.6255664229393005, 17.87960171699524, 2.718381881713867
317, -0.31891098618507385, 18.338544100522995, 2.8858187198638916
318, -0.2196696698665619, 18.285498559474945, 2.8858187198638916
319, -0.43089759349823, 17.775549173355103, 2.718381881713867
320, -0.6255662441253662, 17.305577039718628, 2.446479082107544
321, -0.7961950302124023, 16.893643021583557, 2.080559492111206
322, -0.9362260699272156, 16.555577754974365, 1.6346849203109741
323, -1.0402785539627075, 16.304372310638428, 1.1259905099868774
324, -1.1043537855148315, 16.149680852890015, 0.5740251541137695
325, -1.125989556312561, 16.097448110580444, 1.7537804808398505e-07
326, -1.1043540239334106, 16.149681329727173, -0.5740246176719666
327, -1.0402785539627075, 16.304372310638428, -1.1259901523590088
328, -0.9362260699272156, 16.555577754974365, -1.6346848011016846
329, -0.7961950302124023, 16.893643021583557, -2.080559492111206
330, -0.6255662441253662, 17.305577278137207, -2.446479320526123
331, -0.43089741468429565, 17.77554965019226, -2.7183821201324463
332, -0.21966946125030518, 18.285499155521393, -2.88581919670105
333, -0.11198648810386658, 18.252833902835846, -2.88581919670105
334, -0.21966953575611115, 17.711474418640137, -2.7183821201324463
335, -0.31891074776649475, 17.212554454803467, -2.446479320526123
336, -0.4058965742588043, 16.77524733543396, -2.080559492111206
337, -0.4772837162017822, 16.416359424591064, -1.6346848011016846
338, -0.5303291082382202, 16.149680852890015, -1.1259901523590088
339, -0.5629945993423462, 15.985461711883545, -0.5740246176719666
340, -0.5740242600440979, 15.930011510848999, 1.7537804808398505e-07
341, -0.5629942417144775, 15.985461473464966, 0.5740251541137695
342, -0.5303291082382202, 16.149680852890015, 1.1259905099868774
343, -0.4772837162017822, 16.416359424591064, 1.6346849203109741
344, -0.4058965742588043, 16.77524733543396, 2.080559492111206
345, -0.31891077756881714, 17.212554335594177, 2.446479082107544
346, -0.21966959536075592, 17.71147394180298, 2.718381881713867
347, -0.11198657006025314, 18.252833306789398, 2.8858187198638916
348, 1.06023826162982e-07, 18.241803586483, 2.8858187198638916
349, 1.6051191664701037e-07, 17.689838409423828, 2.718381881713867
350, 2.6357338356319815e-07, 17.18114447593689, 2.446479082107544
351, 2.1996434895754646e-07, 16.735270023345947, 2.080559492111206
352, 3.3507876651128754e-07, 16.369351148605347, 1.6346849203109741
353, 6.044951987860259e-07, 16.097448348999023, 1.1259905099868774
354, 7.122299621187267e-07, 15.930011510848999, 0.5740251541137695
355, 4.4067880367038015e-07, 15.873475313186646, 1.7537804808398505e-07
356, 2.997844603669364e-07, 15.930011749267578, -0.5740246176719666
357, 6.044951987860259e-07, 16.097448348999023, -1.1259901523590088
358, 3.3507876651128754e-07, 16.369351148605347, -1.6346848011016846
359, 2.1996434895754646e-07, 16.735270023345947, -2.080559492111206
360, 2.508598413442087e-07, 17.18114459514618, -2.446479320526123
361, 1.223713042008967e-07, 17.689838886260986, -2.7183821201324463
362, 6.152646392365568e-08, 18.241804242134094, -2.88581919670105
363, 0.11198661476373672, 18.25283396244049, -2.88581919670105
364, 0.21966975927352905, 17.711474537849426, -2.7183821201324463
365, 0.31891122460365295, 17.212554693222046, -2.446479320526123
366, 0.40589696168899536, 16.77524757385254, -2.080559492111206
367, 0.47728434205055237, 16.416359663009644, -1.6346848011016846
368, 0.530330240726471, 16.149681329727173, -1.1259901523590088
369, 0.5629951357841492, 15.985462188720703, -0.5740246176719666
370, 0.5740250945091248, 15.930011749267578, 1.7537804808398505e-07
371, 0.5629956126213074, 15.985461711883545, 0.5740251541137695
372, 0.530330240726471, 16.149681329727173, 1.1259905099868774
373, 0.47728434205055237, 16.416359663009644, 1.6346849203109741
374, 0.40589696168899536, 16.77524757385254, 2.080559492111206
375, 0.31891125440597534, 17.212554454803467, 2.446479082107544
376, 0.219669908285141, 17.711474061012268, 2.718381881713867
377, 0.11198677867650986, 18.252833366394043, 2.8858187198638916
378, 0.21966983377933502, 18.285498678684235, 2.8858187198638916
379, 0.4308978021144867, 17.77554941177368, 2.718381881713867
380, 0.6255666613578796, 17.305577397346497, 2.446479082107544
381, 0.7961952686309814, 16.893643379211426, 2.080559492111206
382, 0.936226487159729, 16.555578470230103, 1.6346849203109741
383, 1.040279507637024, 16.304373025894165, 1.1259905099868774
384, 1.104354977607727, 16.149681568145752, 0.5740251541137695
385, 1.1259901523590088, 16.09744882583618, 1.7537804808398505e-07
386, 1.1043543815612793, 16.14968180656433, -0.5740246176719666
387, 1.040279507637024, 16.304373025894165, -1.1259901523590088
388, 0.936226487159729, 16.555578470230103, -1.6346848011016846
389, 0.7961952686309814, 16.893643379211426, -2.080559492111206
390, 0.6255666017532349, 17.305577635765076, -2.446479320526123
391, 0.43089759349823, 17.77554988861084, -2.7183821201324463
392, 0.21966958045959473, 18.285499274730682, -2.88581919670105
393, 0.31891074776649475, 18.338544815778732, -2.88581919670105
394, 0.6255662441253662, 17.87960249185562, -2.7183821201324463
395, 0.9081817865371704, 17.45663869380951, -2.446479320526123
396, 1.1558963060379028, 17.085907697677612, -2.080559492111206
397, 1.3591899871826172, 16.781657218933105, -1.6346848011016846
398, 1.5102514028549194, 16.555578470230103, -1.1259901523590088
399, 1.603273868560791, 16.4163601398468, -0.5740246176719666
400, 1.6346840858459473, 16.369351625442505, 1.7537804808398505e-07
401, 1.6032745838165283, 16.416359901428223, 0.5740251541137695
402, 1.5102514028549194, 16.555578470230103, 1.1259905099868774
403, 1.3591899871826172, 16.781657218933105, 1.6346849203109741
404, 1.1558963060379028, 17.085907697677612, 2.080559492111206
405, 0.90818190574646, 17.45663857460022, 2.446479082107544
406, 0.6255665421485901, 17.879602074623108, 2.718381881713867
407, 0.3189111351966858, 18.33854427933693, 2.8858187198638916
408, 0.4058968424797058, 18.409931659698486, 2.8858187198638916
409, 0.7961950898170471, 18.0196333527565, 2.718381881713867
410, 1.1558961868286133, 17.659932613372803, 2.446479082107544
411, 1.4711768627166748, 17.34465181827545, 2.080559492111206
412, 1.7299206256866455, 17.08590817451477, 1.6346849203109741
413, 1.9221851825714111, 16.893644094467163, 1.1259905099868774
414, 2.040581226348877, 16.775248527526855, 0.5740251541137695
415, 2.0805580615997314, 16.735270977020264, 1.7537804808398505e-07
416, 2.0405805110931396, 16.775248527526855, -0.5740246176719666
417, 1.9221851825714111, 16.893644094467163, -1.1259901523590088
418, 1.7299206256866455, 17.08590817451477, -1.6346848011016846
419, 1.4711768627166748, 17.34465181827545, -2.080559492111206
420, 1.1558960676193237, 17.659932613372803, -2.446479320526123
421, 0.7961947917938232, 18.01963382959366, -2.7183821201324463
422, 0.4058963656425476, 18.409932106733322, -2.88581919670105
423, 0.4772835969924927, 18.496917754411697, -2.88581919670105
424, 0.9362258911132812, 18.19026243686676, -2.7183821201324463
425, 1.3591898679733276, 17.90764707326889, -2.446479320526123
426, 1.7299208641052246, 17.659932494163513, -2.080559492111206
427, 2.0341713428497314, 17.45663893222809, -1.6346848011016846
428, 2.2602503299713135, 17.305578112602234, -1.1259901523590088
429, 2.3994686603546143, 17.212555170059204, -0.5740246176719666
430, 2.4464774131774902, 17.181145191192627, 1.7537804808398505e-07
431, 2.3994693756103516, 17.212555408477783, 0.5740251541137695
432, 2.2602503299713135, 17.305578112602234, 1.1259905099868774
433, 2.0341713428497314, 17.45663893222809, 1.6346849203109741
434, 1.7299208641052246, 17.659932494163513, 2.080559492111206
435, 1.3591899871826172, 17.9076469540596, 2.446479082107544
436, 0.9362263083457947, 18.190262019634247, 2.718381881713867
437, 0.47728413343429565, 18.49691742658615, 2.8858187198638916
438, 0.5303296446800232, 18.596158728003502, 2.8858187198638916
439, 1.0402789115905762, 18.384930819272995, 2.718381881713867
440, 1.5102509260177612, 18.190262258052826, 2.446479082107544
441, 1.922184944152832, 18.019633531570435, 2.080559492111206
442, 2.2602500915527344, 17.87960261106491, 1.6346849203109741
443, 2.5114552974700928, 17.77555024623871, 1.1259905099868774
444, 2.666146993637085, 17.711475133895874, 0.5740251541137695
445, 2.7183797359466553, 17.689839243888855, 1.7537804808398505e-07
446, 2.6661465167999268, 17.711474776268005, -0.5740246176719666
447, 2.5114552974700928, 17.77555024623871, -1.1259901523590088
448, 2.2602500915527344, 17.87960261106491, -1.6346848011016846
449, 1.922184944152832, 18.019633531570435, -2.080559492111206
450, 1.5102506875991821, 18.19026231765747, -2.446479320526123
451, 1.040278434753418, 18.38493111729622, -2.7183821201324463
452, 0.5303291082382202, 18.59615893661976, -2.88581919670105
453, 0.5629943013191223, 18.703841909766197, -2.88581919670105
454, 1.1043535470962524, 18.59615893661976, -2.7183821201324463
455, 1.6032735109329224, 18.496917724609375, -2.446479320526123
456, 2.0405805110931396, 18.409931927919388, -2.080559492111206
457, 2.399468421936035, 18.338544845581055, -1.6346848011016846
458, 2.6661465167999268, 18.28549951314926, -1.1259901523590088
459, 2.8303658962249756, 18.25283408164978, -0.5740246176719666
460, 2.8858163356781006, 18.24180442094803, 1.7537804808398505e-07
461, 2.830366373062134, 18.252834498882294, 0.5740251541137695
462, 2.6661465167999268, 18.28549951314926, 1.1259905099868774
463, 2.399468421936035, 18.338544845581055, 1.6346849203109741
464, 2.0405805110931396, 18.409931927919388, 2.080559492111206
465, 1.603273630142212, 18.496917694807053, 2.446479082107544
466, 1.1043541431427002, 18.596158742904663, 2.718381881713867
467, 0.5629948973655701, 18.70384181290865, 2.8858187198638916
468, 0.5740245580673218, 18.815828466033366, 2.8858187198638916
469, 1.1259896755218506, 18.815828454055364, 2.718381881713867
470, 1.6346834897994995, 18.8158286690157, 2.446479082107544
471, 2.0805578231811523, 18.815828646907704, 2.080559492111206
472, 2.446476697921753, 18.815828813811663, 1.6346849203109741
473, 2.718379259109497, 18.815829057800954, 1.1259905099868774
474, 2.8858160972595215, 18.815829362971044, 0.5740251541137695
475, 2.942352533340454, 18.815829005415765, 1.7537804808398505e-07
476, 2.8858158588409424, 18.815828830306884, -0.5740246176719666
477, 2.718379259109497, 18.815829057800954, -1.1259901523590088
478, 2.446476697921753, 18.815828813811663, -1.6346848011016846
479, 2.0805578231811523, 18.815828646907704, -2.080559492111206
480, 1.63468337059021, 18.81582865630216, -2.446479320526123
481, 1.1259890794754028, 18.815828527813622, -2.7183821201324463
482, 0.574023962020874, 18.815828443037034, -2.88581919670105

Triangles, 960
Triangle:, Side1:, Side2:, Side3:
1, 482, 32, 2
2, 481, 482, 2
3, 481, 2, 3
4, 480, 481, 3
5, 480, 3, 4
6, 479, 480, 4
7, 479, 4, 5
8, 478, 479, 5
9, 478, 5, 6
10, 477, 478, 6
11, 477, 6, 7
12, 476, 477, 7
13, 476, 7, 8
14, 475, 476, 8
15, 475, 8, 9
16, 474, 475, 9
17, 474, 9, 10
18, 473, 474, 10
19, 473, 10, 11
20, 472, 473, 11
21, 472, 11, 12
22, 471, 472, 12
23, 471, 12, 13
24, 470, 471, 13
25, 470, 13, 14
26, 469, 470, 14
27, 469, 14, 15
28, 468, 469, 15
29, 468, 15, 16
30, 1, 468, 16
31, 1, 16, 17
32, 16, 15, 18
33, 16, 18, 17
34, 15, 14, 19
35, 15, 19, 18
36, 14, 13, 20
37, 14, 20, 19
38, 13, 12, 21
39, 13, 21, 20
40, 12, 11, 22
41, 12, 22, 21
42, 11, 10, 23
43, 11, 23, 22
44, 10, 9, 24
45, 10, 24, 23
46, 9, 8, 25
47, 9, 25, 24
48, 8, 7, 26
49, 8, 26, 25
50, 7, 6, 27
51, 7, 27, 26
52, 6, 5, 28
53, 6, 28, 27
54, 5, 4, 29
55, 5, 29, 28
56, 4, 3, 30
57, 4, 30, 29
58, 3, 2, 31
59, 3, 31, 30
60, 2, 32, 31
61, 31, 32, 33
62, 30, 31, 33
63, 30, 33, 34
64, 29, 30, 34
65, 29, 34, 35
66, 28, 29, 35
67, 28, 35, 36
68, 27, 28, 36
69, 27, 36, 37
70, 26, 27, 37
71, 26, 37, 38
72, 25, 26, 38
73, 25, 38, 39
74, 24, 25, 39
75, 24, 39, 40
76, 23, 24, 40
77, 23, 40, 41
78, 22, 23, 41
79, 22, 41, 42
80, 21, 22, 42
81, 21, 42, 43
82, 20, 21, 43
83, 20, 43, 44
84, 19, 20, 44
85, 19, 44, 45
86, 18, 19, 45
87, 18, 45, 46
88, 17, 18, 46
89, 17, 46, 47
90, 1, 17, 47
91, 1, 47, 48
92, 47, 46, 49
93, 47, 49, 48
94, 46, 45, 50
95, 46, 50, 49
96, 45, 44, 51
97, 45, 51, 50
98, 44, 43, 52
99, 44, 52, 51
100, 43, 42, 53
101, 43, 53, 52
102, 42, 41, 54
103, 42, 54, 53
104, 41, 40, 55
105, 41, 55, 54
106, 40, 39, 56
107, 40, 56, 55
108, 39, 38, 57
109, 39, 57, 56
110, 38, 37, 58
111, 38, 58, 57
112, 37, 36, 59
113, 37, 59, 58
114, 36, 35, 60
115, 36, 60, 59
116, 35, 34, 61
117, 35, 61, 60
118, 34, 33, 62
119, 34, 62, 61
120, 33, 32, 62
121, 62, 32, 63
122, 61, 62, 63
123, 61, 63, 64
124, 60, 61, 64
125, 60, 64, 65
126, 59, 60, 65
127, 59, 65, 66
128, 58, 59, 66
129, 58, 66, 67
130, 57, 58, 67
131, 57, 67, 68
132, 56, 57, 68
133, 56, 68, 69
134, 55, 56, 69
135, 55, 69, 70
136, 54, 55, 70
137, 54, 70, 71
138, 53, 54, 71
139, 53, 71, 72
140, 52, 53, 72
141, 52, 72, 73
142, 51, 52, 73
143, 51, 73, 74
144, 50, 51, 74
145, 50, 74, 75
146, 49, 50, 75
147, 49, 75, 76
148, 48, 49, 76
149, 48, 76, 77
150, 1, 48, 77
151, 1, 77, 78
152, 77, 76, 79
153, 77, 79, 78
154, 76, 75, 80
155, 76, 80, 79
156, 75, 74, 81
157, 75, 81, 80
158, 74, 73, 82
159, 74, 82, 81
160, 73, 72, 83
161, 73, 83, 82
162, 72, 71, 84
163, 72, 84, 83
164, 71, 70, 85
165, 71, 85, 84
166, 70, 69, 86
167, 70, 86, 85
168, 69, 68, 87
169, 69, 87, 86
170, 68, 67, 88
171, 68, 88, 87
172, 67, 66, 89
173, 67, 89, 88
174, 66, 65, 90
175, 66, 90, 89
176, 65, 64, 91
177, 65, 91, 90
178, 64, 63, 92
179, 64, 92, 91
180, 63, 32, 92
181, 92, 32, 93
182, 91, 92, 93
183, 91, 93, 94
184, 90, 91, 94
185, 90, 94, 95
186, 89, 90, 95
187, 89, 95, 96
188, 88, 89, 96
189, 88, 96, 97
190, 87, 88, 97
191, 87, 97, 98
192, 86, 87, 98
193, 86, 98, 99
194, 85, 86, 99
195, 85, 99, 100
196, 84, 85, 100
197, 84, 100, 101
198, 83, 84, 101
199, 83, 101, 102
200, 82, 83, 102
201, 82, 102, 103
202, 81, 82, 103
203, 81, 103, 104
204, 80, 81, 104
205, 80, 104, 105
206, 79, 80, 105
207, 79, 105, 106
208, 78, 79, 106
209, 78, 106, 107
210, 1, 78, 107
211, 1, 107, 108
212, 107, 106, 109
213, 107, 109, 108
214, 106, 105, 110
215, 106, 110, 109
216, 105, 104, 111
217, 105, 111, 110
218, 104, 103, 112
219, 104, 112, 111
220, 103, 102, 113
221, 103, 113, 112
222, 102, 101, 114
223, 102, 114, 113
224, 101, 100, 115
225, 101, 115, 114
226, 100, 99, 116
227, 100, 116, 115
228, 99, 98, 117
229, 99, 117, 116
230, 98, 97, 118
231, 98, 118, 117
232, 97, 96, 119
233, 97, 119, 118
234, 96, 95, 120
235, 96, 120, 119
236, 95, 94, 121
237, 95, 121, 120
238, 94, 93, 122
239, 94, 122, 121
240, 93, 32, 122
241, 122, 32, 123
242, 121, 122, 123
243, 121, 123, 124
244, 120, 121, 124
245, 120, 124, 125
246, 119, 120, 125
247, 119, 125, 126
248, 118, 119, 126
249, 118, 126, 127
250, 117, 118, 127
251, 117, 127, 128
252, 116, 117, 128
253, 116, 128, 129
254, 115, 116, 129
255, 115, 129, 130
256, 114, 115, 130
257, 114, 130, 131
258, 113, 114, 131
259, 113, 131, 132
260, 112, 113, 132
261, 112, 132, 133
262, 111, 112, 133
263, 111, 133, 134
264, 110, 111, 134
265, 110, 134, 135
266, 109, 110, 135
267, 109, 135, 136
268, 108, 109, 136
269, 108, 136, 137
270, 1, 108, 137
271, 1, 137, 138
272, 137, 136, 139
273, 137, 139, 138
274, 136, 135, 140
275, 136, 140, 139
276, 135, 134, 141
277, 135, 141, 140
278, 134, 133, 142
279, 134, 142, 141
280, 133, 132, 143
281, 133, 143, 142
282, 132, 131, 144
283, 132, 144, 143
284, 131, 130, 145
285, 131, 145, 144
286, 130, 129, 146
287, 130, 146, 145
288, 129, 128, 147
289, 129, 147, 146
290, 128, 127, 148
291, 128, 148, 147
292, 127, 126, 149
293, 127, 149, 148
294, 126, 125, 150
295, 126, 150, 149
296, 125, 124, 151
297, 125, 151, 150
298, 124, 123, 152
299, 124, 152, 151
300, 123, 32, 152
301, 152, 32, 153
302, 151, 152, 153
303, 151, 153, 154
304, 150, 151, 154
305, 150, 154, 155
306, 149, 150, 155
307, 149, 155, 156
308, 148, 149, 156
309, 148, 156, 157
310, 147, 148, 157
311, 147, 157, 158
312, 146, 147, 158
313, 146, 158, 159
314, 145, 146, 159
315, 145, 159, 160
316, 144, 145, 160
317, 144, 160, 161
318, 143, 144, 161
319, 143, 161, 162
320, 142, 143, 162
321, 142, 162, 163
322, 141, 142, 163
323, 141, 163, 164
324, 140, 141, 164
325, 140, 164, 165
326, 139, 140, 165
327, 139, 165, 166
328, 138, 139, 166
329, 138, 166, 167
330, 1, 138, 167
331, 1, 167, 168
332, 167, 166, 169
333, 167, 169, 168
334, 166, 165, 170
335, 166, 170, 169
336, 165, 164, 171
337, 165, 171, 170
338, 164, 163, 172
339, 164, 172, 171
340, 163, 162, 173
341, 163, 173, 172
342, 162, 161, 174
343, 162, 174, 173
344, 161, 160, 175
345, 161, 175, 174
346, 160, 159, 176
347, 160, 176, 175
348, 159, 158, 177
349, 159, 177, 176
350, 158, 157, 178
351, 158, 178, 177
352, 157, 156, 179
353, 157, 179, 178
354, 156, 155, 180
355, 156, 180, 179
356, 155, 154, 181
357, 155, 181, 180
358, 154, 153, 182
359, 154, 182, 181
360, 153, 32, 182
361, 182, 32, 183
362, 181, 182, 183
363, 181, 183, 184
364, 180, 181, 184
365, 180, 184, 185
366, 179, 180, 185
367, 179, 185, 186
368, 178, 179, 186
369, 178, 186, 187
370, 177, 178, 187
371, 177, 187, 188
372, 176, 177, 188
373, 176, 188, 189
374, 175, 176, 189
375, 175, 189, 190
376, 174, 175, 190
377, 174, 190, 191
378, 173, 174, 191
379, 173, 191, 192
380, 172, 173, 192
381, 172, 192, 193
382, 171, 172, 193
383, 171, 193, 194
384, 170, 171, 194
385, 170, 194, 195
386, 169, 170, 195
387, 169, 195, 196
388, 168, 169, 196
389, 168, 196, 197
390, 1, 168, 197
391, 1, 197, 198
392, 197, 196, 199
393, 197, 199, 198
394, 196, 195, 200
395, 196, 200, 199
396, 195, 194, 201
397, 195, 201, 200
398, 194, 193, 202
399, 194, 202, 201
400, 193, 192, 203
401, 193, 203, 202
402, 192, 191, 204
403, 192, 204, 203
404, 191, 190, 205
405, 191, 205, 204
406, 190, 189, 206
407, 190, 206, 205
408, 189, 188, 207
409, 189, 207, 206
410, 188, 187, 208
411, 188, 208, 207
412, 187, 186, 209
413, 187, 209, 208
414, 186, 185, 210
415, 186, 210, 209
416, 185, 184, 211
417, 185, 211, 210
418, 184, 183, 212
419, 184, 212, 211
420, 183, 32, 212
421, 212, 32, 213
422, 211, 212, 213
423, 211, 213, 214
424, 210, 211, 214
425, 210, 214, 215
426, 209, 210, 215
427, 209, 215, 216
428, 208, 209, 216
429, 208, 216, 217
430, 207, 208, 217
431, 207, 217, 218
432, 206, 207, 218
433, 206, 218, 219
434, 205, 206, 219
435, 205, 219, 220
436, 204, 205, 220
437, 204, 220, 221
438, 203, 204, 221
439, 203, 221, 222
440, 202, 203, 222
441, 202, 222, 223
442, 201, 202, 223
443, 201, 223, 224
444, 200, 201, 224
445, 200, 224, 225
446, 199, 200, 225
447, 199, 225, 226
448, 198, 199, 226
449, 198, 226, 227
450, 1, 198, 227
451, 1, 227, 228
452, 227, 226, 229
453, 227, 229, 228
454, 226, 225, 230
455, 226, 230, 229
456, 225, 224, 231
457, 225, 231, 230
458, 224, 223, 232
459, 224, 232, 231
460, 223, 222, 233
461, 223, 233, 232
462, 222, 221, 234
463, 222, 234, 233
464, 221, 220, 235
465, 221, 235, 234
466, 220, 219, 236
467, 220, 236, 235
468, 219, 218, 237
469, 219, 237, 236
470, 218, 217, 238
471, 218, 238, 237
472, 217, 216, 239
473, 217, 239, 238
474, 216, 215, 240
475, 216, 240, 239
476, 215, 214, 241
477, 215, 241, 240
478, 214, 213, 242
479, 214, 242, 241
480, 213, 32, 242
481, 242, 32, 243
482, 241, 242, 243
483, 241, 243, 244
484, 240, 241, 244
485, 240, 244, 245
486, 239, 240, 245
487, 239, 245, 246
488, 238, 239, 246
489, 238, 246, 247
490, 237, 238, 247
491, 237, 247, 248
492, 236, 237, 248
493, 236, 248, 249
494, 235, 236, 249
495, 235, 249, 250
496, 234, 235, 250
497, 234, 250, 251
498, 233, 234, 251
499, 233, 251, 252
500, 232, 233, 252
501, 232, 252, 253
502, 231, 232, 253
503, 231, 253, 254
504, 230, 231, 254
505, 230, 254, 255
506, 229, 230, 255
507, 229, 255, 256
508, 228, 229, 256
509, 228, 256, 257
510, 1, 228, 257
511, 1, 257, 258
512, 257, 256, 259
513, 257, 259, 258
514, 256, 255, 260
515, 256, 260, 259
516, 255, 254, 261
517, 255, 261, 260
518, 254, 253, 262
519, 254, 262, 261
520, 253, 252, 263
521, 253, 263, 262
522, 252, 251, 264
523, 252, 264, 263
524, 251, 250, 265
525, 251, 265, 264
526, 250, 249, 266
527, 250, 266, 265
528, 249, 248, 267
529, 249, 267, 266
530, 248, 247, 268
531, 248, 268, 267
532, 247, 246, 269
533, 247, 269, 268
534, 246, 245, 270
535, 246, 270, 269
536, 245, 244, 271
537, 245, 271, 270
538, 244, 243, 272
539, 244, 272, 271
540, 243, 32, 272
541, 272, 32, 273
542, 271, 272, 273
543, 271, 273, 274
544, 270, 271, 274
545, 270, 274, 275
546, 269, 270, 275
547, 269, 275, 276
548, 268, 269, 276
549, 268, 276, 277
550, 267, 268, 277
551, 267, 277, 278
552, 266, 267, 278
553, 266, 278, 279
554, 265, 266, 279
555, 265, 279, 280
556, 264, 265, 280
557, 264, 280, 281
558, 263, 264, 281
559, 263, 281, 282
560, 262, 263, 282
561, 262, 282, 283
562, 261, 262, 283
563, 261, 283, 284
564, 260, 261, 284
565, 260, 284, 285
566, 259, 260, 285
567, 259, 285, 286
568, 258, 259, 286
569, 258, 286, 287
570, 1, 258, 287
571, 1, 287, 288
572, 287, 286, 289
573, 287, 289, 288
574, 286, 285, 290
575, 286, 290, 289
576, 285, 284, 291
577, 285, 291, 290
578, 284, 283, 292
579, 284, 292, 291
580, 283, 282, 293
581, 283, 293, 292
582, 282, 281, 294
583, 282, 294, 293
584, 281, 280, 295
585, 281, 295, 294
586, 280, 279, 296
587, 280, 296, 295
588, 279, 278, 297
589, 279, 297, 296
590, 278, 277, 298
591, 278, 298, 297
592, 277, 276, 299
593, 277, 299, 298
594, 276, 275, 300
595, 276, 300, 299
596, 275, 274, 301
597, 275, 301, 300
598, 274, 273, 302
599, 274, 302, 301
600, 273, 32, 302
601, 302, 32, 303
602, 301, 302, 303
603, 301, 303, 304
604, 300, 301, 304
605, 300, 304, 305
606, 299, 300, 305
607, 299, 305, 306
608, 298, 299, 306
609, 298, 306, 307
610, 297, 298, 307
611, 297, 307, 308
612, 296, 297, 308
613, 296, 308, 309
614, 295, 296, 309
615, 295, 309, 310
616, 294, 295, 310
617, 294, 310, 311
618, 293, 294, 311
619, 293, 311, 312
620, 292, 293, 312
621, 292, 312, 313
622, 291, 292, 313
623, 291, 313, 314
624, 290, 291, 314
625, 290, 314, 315
626, 289, 290, 315
627, 289, 315, 316
628, 288, 289, 316
629, 288, 316, 317
630, 1, 288, 317
631, 1, 317, 318
632, 317, 316, 319
633, 317, 319, 318
634, 316, 315, 320
635, 316, 320, 319
636, 315, 314, 321
637, 315, 321, 320
638, 314, 313, 322
639, 314, 322, 321
640, 313, 312, 323
641, 313, 323, 322
642, 312, 311, 324
643, 312, 324, 323
644, 311, 310, 325
645, 311, 325, 324
646, 310, 309, 326
647, 310, 326, 325
648, 309, 308, 327
649, 309, 327, 326
650, 308, 307, 328
651, 308, 328, 327
652, 307, 306, 329
653, 307, 329, 328
654, 306, 305, 330
655, 306, 330, 329
656, 305, 304, 331
657, 305, 331, 330
658, 304, 303, 332
659, 304, 332, 331
660, 303, 32, 332
661, 332, 32, 333
662, 331, 332, 333
663, 331, 333, 334
664, 330, 331, 334
665, 330, 334, 335
666, 329, 330, 335
667, 329, 335, 336
668, 328, 329, 336
669, 328, 336, 337
670, 327, 328, 337
671, 327, 337, 338
672, 326, 327, 338
673, 326, 338, 339
674, 325, 326, 339
675, 325, 339, 340
676, 324, 325, 340
677, 324, 340, 341
678, 323, 324, 341
679, 323, 341, 342
680, 322, 323, 342
681, 322, 342, 343
682, 321, 322, 343
683, 321, 343, 344
684, 320, 321, 344
685, 320, 344, 345
686, 319, 320, 345
687, 319, 345, 346
688, 318, 319, 346
689, 318, 346, 347
690, 1, 318, 347
691, 1, 347, 348
692, 347, 346, 349
693, 347, 349, 348
694, 346, 345, 350
695, 346, 350, 349
696, 345, 344, 351
697, 345, 351, 350
698, 344, 343, 352
699, 344, 352, 351
700, 343, 342, 353
701, 343, 353, 352
702, 342, 341, 354
703, 342, 354, 353
704, 341, 340, 355
705, 341, 355, 354
706, 340, 339, 356
707, 340, 356, 355
708, 339, 338, 357
709, 339, 357, 356
710, 338, 337, 358
711, 338, 358, 357
712, 337, 336, 359
713, 337, 359, 358
714, 336, 335, 360
715, 336, 360, 359
716, 335, 334, 361
717, 335, 361, 360
718, 334, 333, 362
719, 334, 362, 361
720, 333, 32, 362
721, 362, 32, 363
722, 361, 362, 363
723, 361, 363, 364
724, 360, 361, 364
725, 360, 364, 365
726, 359, 360, 365
727, 359, 365, 366
728, 358, 359, 366
729, 358, 366, 367
730, 357, 358, 367
731, 357, 367, 368
732, 356, 357, 368
733, 356, 368, 369
734, 355, 356, 369
735, 355, 369, 370
736, 354, 355, 370
737, 354, 370, 371
738, 353, 354, 371
739, 353, 371, 372
740, 352, 353, 372
741, 352, 372, 373
742, 351, 352, 373
743, 351, 373, 374
744, 350, 351, 374
745, 350, 374, 375
746, 349, 350, 375
747, 349, 375, 376
748, 348, 349, 376
749, 348, 376, 377
750, 1, 348, 377
751, 1, 377, 378
752, 377, 376, 379
753, 377, 379, 378
754, 376, 375, 380
755, 376, 380, 379
756, 375, 374, 381
757, 375, 381, 380
758, 374, 373, 382
759, 374, 382, 381
760, 373, 372, 383
761, 373, 383, 382
762, 372, 371, 384
763, 372, 384, 383
764, 371, 370, 385
765, 371, 385, 384
766, 370, 369, 386
767, 370, 386, 385
768, 369, 368, 387
769, 369, 387, 386
770, 368, 367, 388
771, 368, 388, 387
772, 367, 366, 389
773, 367, 389, 388
774, 366, 365, 390
775, 366, 390, 389
776, 365, 364, 391
777, 365, 391, 390
778, 364, 363, 392
779, 364, 392, 391
780, 363, 32, 392
781, 392, 32, 393
782, 391, 392, 393
783, 391, 393, 394
784, 390, 391, 394
785, 390, 394, 395
786, 389, 390, 395
787, 389, 395, 396
788, 388, 389, 396
789, 388, 396, 397
790, 387, 388, 397
791, 387, 397, 398
792, 386, 387, 398
793, 386, 398, 399
794, 385, 386, 399
795, 385, 399, 400
796, 384, 385, 400
797, 384, 400, 401
798, 383, 384, 401
799, 383, 401, 402
800, 382, 383, 402
801, 382, 402, 403
802, 381, 382, 403
803, 381, 403, 404
804, 380, 381, 404
805, 380, 404, 405
806, 379, 380, 405
807, 379, 405, 406
808, 378, 379, 406
809, 378, 406, 407
810, 1, 378, 407
811, 1, 407, 408
812, 407, 406, 409
813, 407, 409, 408
814, 406, 405, 410
815, 406, 410, 409
816, 405, 404, 411
817, 405, 411, 410
818, 404, 403, 412
819, 404, 412, 411
820, 403, 402, 413
821, 403, 413, 412
822, 402, 401, 414
823, 402, 414, 413
824, 401, 400, 415
825, 401, 415, 414
826, 400, 399, 416
827, 400, 416, 415
828, 399, 398, 417
829, 399, 417, 416
830, 398, 397, 418
831, 398, 418, 417
832, 397, 396, 419
833, 397, 419, 418
834, 396, 395, 420
835, 396, 420, 419
836, 395, 394, 421
837, 395, 421, 420
838, 394, 393, 422
839, 394, 422, 421
840, 393, 32, 422
841, 422, 32, 423
842, 421, 422, 423
843, 421, 423, 424
844, 420, 421, 424
845, 420, 424, 425
846, 419, 420, 425
847, 419, 425, 426
848, 418, 419, 426
849, 418, 426, 427
850, 417, 418, 427
851, 417, 427, 428
852, 416, 417, 428
853, 416, 428, 429
854, 415, 416, 429
855, 415, 429, 430
856, 414, 415, 430
857, 414, 430, 431
858, 413, 414, 431
859, 413, 431, 432
860, 412, 413, 432
861, 412, 432, 433
862, 411, 412, 433
863, 411, 433, 434
864, 410, 411, 434
865, 410, 434, 435
866, 409, 410, 435
867, 409, 435, 436
868, 408, 409, 436
869, 408, 436, 437
870, 1, 408, 437
871, 1, 437, 438
872, 437, 436, 439
873, 437, 439, 438
874, 436, 435, 440
875, 436, 440, 439
876, 435, 434, 441
877, 435, 441, 440
878, 434, 433, 442
879, 434, 442, 441
880, 433, 432, 443
881, 433, 443, 442
882, 432, 431, 444
883, 432, 444, 443
884, 431, 430, 445
885, 431, 445, 444
886, 430, 429, 446
887, 430, 446, 445
888, 429, 428, 447
889, 429, 447, 446
890, 428, 427, 448
891, 428, 448, 447
892, 427, 426, 449
893, 427, 449, 448
894, 426, 425, 450
895, 426, 450, 449
896, 425, 424, 451
897, 425, 451, 450
898, 424, 423, 452
899, 424, 452, 451
900, 423, 32, 452
901, 452, 32, 453
902, 451, 452, 453
903, 451, 453, 454
904, 450, 451, 454
905, 450, 454, 455
906, 449, 450, 455
907, 449, 455, 456
908, 448, 449, 456
909, 448, 456, 457
910, 447, 448, 457
911, 447, 457, 458
912, 446, 447, 458
913, 446, 458, 459
914, 445, 446, 459
915, 445, 459, 460
916, 444, 445, 460
917, 444, 460, 461
918, 443, 444, 461
919, 443, 461, 462
920, 442, 443, 462
921, 442, 462, 463
922, 441, 442, 463
923, 441, 463, 464
924, 440, 441, 464
925, 440, 464, 465
926, 439, 440, 465
927, 439, 465, 466
928, 438, 439, 466
929, 438, 466, 467
930, 1, 438, 467
931, 1, 467, 468
932, 467, 466, 469
933, 467, 469, 468
934, 466, 465, 470
935, 466, 470, 469
936, 465, 464, 471
937, 465, 471, 470
938, 464, 463, 472
939, 464, 472, 471
940, 463, 462, 473
941, 463, 473, 472
942, 462, 461, 474
943, 462, 474, 473
944, 461, 460, 475
945, 461, 475, 474
946, 460, 459, 476
947, 460, 476, 475
948, 459, 458, 477
949, 459, 477, 476
950, 458, 457, 478
951, 458, 478, 477
952, 457, 456, 479
953, 457, 479, 478
954, 456, 455, 480
955, 456, 480, 479
956, 455, 454, 481
957, 455, 481, 480
958, 454, 453, 482
959, 454, 482, 481
960, 453, 32, 482

Colors, 960
Triangle:, Red:, Green:, Blue:
1, 204, 204, 204
2, 204, 204, 204
3, 204, 204, 204
4, 204, 204, 204
5, 204, 204, 204
6, 204, 204, 204
7, 204, 204, 204
8, 204, 204, 204
9, 204, 204, 204
10, 204, 204, 204
11, 204, 204, 204
12, 204, 204, 204
13, 204, 204, 204
14, 204, 204, 204
15, 204, 204, 204
16, 204, 204, 204
17, 204, 204, 204
18, 204, 204, 204
19, 204, 204, 204
20, 204, 204, 204
21, 204, 204, 204
22, 204, 204, 204
23, 204, 204, 204
24, 204, 204, 204
25, 204, 204, 204
26, 204, 204, 204
27, 204, 204, 204
28, 204, 204, 204
29, 204, 204, 204
30, 204, 204, 204
31, 204, 204, 204
32, 204, 204, 204
33, 204, 204, 204
34, 204, 204, 204
35, 204, 204, 204
36, 204, 204, 204
37, 204, 204, 204
38, 204, 204, 204
39, 204, 204, 204
40, 204, 204, 204
41, 204, 204, 204
42, 204, 204, 204
43, 204, 204, 204
44, 204, 204, 204
45, 204, 204, 204
46, 204, 204, 204
47, 204, 204, 204
48, 204, 204, 204
49, 204, 204, 204
50, 204, 204, 204
51, 204, 204, 204
52, 204, 204, 204
53, 204, 204, 204
54, 204, 204, 204
55, 204, 204, 204
56, 204, 204, 204
57, 204, 204, 204
58, 204, 204, 204
59, 204, 204, 204
60, 204, 204, 204
61, 204, 204, 204
62, 204, 204, 204
63, 204, 204, 204
64, 204, 204, 204
65, 204, 204, 204
66, 204, 204, 204
67, 204, 204, 204
68, 204, 204, 204
69, 204, 204, 204
70, 204, 204, 204
71, 204, 204, 204
72, 204, 204, 204
73, 204, 204, 204
74, 204, 204, 204
75, 204, 204, 204
76, 204, 204, 204
77, 204, 204, 204
78, 204, 204, 204
79, 204, 204, 204
80, 204, 204, 204
81, 204, 204, 204
82, 204, 204, 204
83, 204, 204, 204
84, 204, 204, 204
85, 204, 204, 204
86, 204, 204, 204
87, 204, 204, 204
88, 204, 204, 204
89, 204, 204, 204
90, 204, 204, 204
91, 204, 204, 204
92, 204, 204, 204
93, 204, 204, 204
94, 204, 204, 204
95, 204, 204, 204
96, 204, 204, 204
97, 204, 204, 204
98, 204, 204, 204
99, 204, 204, 204
100, 204, 204, 204
101, 204, 204, 204
102, 204, 204, 204
103, 204, 204, 204
104, 204, 204, 204
105, 204, 204, 204
106, 204, 204, 204
107, 204, 204, 204
108, 204, 204, 204
109, 204, 204, 204
110, 204, 204, 204
111, 204, 204, 204
112, 204, 204, 204
113, 204, 204, 204
114, 204, 204, 204
115, 204, 204, 204
116, 204, 204, 204
117, 204, 204, 204
118, 204, 204, 204
119, 204, 204, 204
120, 204, 204, 204
121, 204, 204, 204
122, 204, 204, 204
123, 204, 204, 204
124, 204, 204, 204
125, 204, 204, 204
126, 204, 204, 204
127, 204, 204, 204
128, 204, 204, 204
129, 204, 204, 204
130, 204, 204, 204
131, 204, 204, 204
132, 204, 204, 204
133, 204, 204, 204
134, 204, 204, 204
135, 204, 204, 204
136, 204, 204, 204
137, 204, 204, 204
138, 204, 204, 204
139, 204, 204, 204
140, 204, 204, 204
141, 204, 204, 204
142, 204, 204, 204
143, 204, 204, 204
144, 204, 204, 204
145, 204, 204, 204
146, 204, 204, 204
147, 204, 204, 204
148, 204, 204, 204
149, 204, 204, 204
150, 204, 204, 204
151, 204, 204, 204
152, 204, 204, 204
153, 204, 204, 204
154, 204, 204, 204
155, 204, 204, 204
156, 204, 204, 204
157, 204, 204, 204
158, 204, 204, 204
159, 204, 204, 204
160, 204, 204, 204
161, 204, 204, 204
162, 204, 204, 204
163, 204, 204, 204
164, 204, 204, 204
165, 204, 204, 204
166, 204, 204, 204
167, 204, 204, 204
168, 204, 204, 204
169, 204, 204, 204
170, 204, 204, 204
171, 204, 204, 204
172, 204, 204, 204
173, 204, 204, 204
174, 204, 204, 204
175, 204, 204, 204
176, 204, 204, 204
177, 204, 204, 204
178, 204, 204, 204
179, 204, 204, 204
180, 204, 204, 204
181, 204, 204, 204
182, 204, 204, 204
183, 204, 204, 204
184, 204, 204, 204
185, 204, 204, 204
186, 204, 204, 204
187, 204, 204, 204
188, 204, 204, 204
189, 204, 204, 204
190, 204, 204, 204
191, 204, 204, 204
192, 204, 204, 204
193, 204, 204, 204
194, 204, 204, 204
195, 204, 204, 204
196, 204, 204, 204
197, 204, 204, 204
198, 204, 204, 204
199, 204, 204, 204
200, 204, 204, 204
201, 204, 204, 204
202, 204, 204, 204
203, 204, 204, 204
204, 204, 204, 204
205, 204, 204, 204
206, 204, 204, 204
207, 204, 204, 204
208, 204, 204, 204
209, 204, 204, 204
210, 204, 204, 204
211, 204, 204, 204
212, 204, 204, 204
213, 204, 204, 204
214, 204, 204, 204
215, 204, 204, 204
216, 204, 204, 204
217, 204, 204, 204
218, 204, 204, 204
219, 204, 204, 204
220, 204, 204, 204
221, 204, 204, 204
222, 204, 204, 204
223, 204, 204, 204
224, 204, 204, 204
225, 204, 204, 204
226, 204, 204, 204
227, 204, 204, 204
228, 204, 204, 204
229, 204, 204, 204
230, 204, 204, 204
231, 204, 204, 204
232, 204, 204, 204
233, 204, 204, 204
234, 204, 204, 204
235, 204, 204, 204
236, 204, 204, 204
237, 204, 204, 204
238, 204, 204, 204
239, 204, 204, 204
240, 204, 204, 204
241, 204, 204, 204
242, 204, 204, 204
243, 204, 204, 204
244, 204, 204, 204
245, 204, 204, 204
246, 204, 204, 204
247, 204, 204, 204
248, 204, 204, 204
249, 204, 204, 204
250, 204, 204, 204
251, 204, 204, 204
252, 204, 204, 204
253, 204, 204, 204
254, 204, 204, 204
255, 204, 204, 204
256, 204, 204, 204
257, 204, 204, 204
258, 204, 204, 204
259, 204, 204, 204
260, 204, 204, 204
261, 204, 204, 204
262, 204, 204, 204
263, 204, 204, 204
264, 204, 204, 204
265, 204, 204, 204
266, 204, 204, 204
267, 204, 204, 204
268, 204, 204, 204
269, 204, 204, 204
270, 204, 204, 204
271, 204, 204, 204
272, 204, 204, 204
273, 204, 204, 204
274, 204, 204, 204
275, 204, 204, 204
276, 204, 204, 204
277, 204, 204, 204
278, 204, 204, 204
279, 204, 204, 204
280, 204, 204, 204
281, 204, 204, 204
282, 204, 204, 204
283, 204, 204, 204
284, 204, 204, 204
285, 204, 204, 204
286, 204, 204, 204
287, 204, 204, 204
288, 204, 204, 204
289, 204, 204, 204
290, 204, 204, 204
291, 204, 204, 204
292, 204, 204, 204
293, 204, 204, 204
294, 204, 204, 204
295, 204, 204, 204
296, 204, 204, 204
297, 204, 204, 204
298, 204, 204, 204
299, 204, 204, 204
300, 204, 204, 204
301, 204, 204, 204
302, 204, 204, 204
303, 204, 204, 204
304, 204, 204, 204
305, 204, 204, 204
306, 204, 204, 204
307, 204, 204, 204
308, 204, 204, 204
309, 204, 204, 204
310, 204, 204, 204
311, 204, 204, 204
312, 204, 204, 204
313, 204, 204, 204
314, 204, 204, 204
315, 204, 204, 204
316, 204, 204, 204
317, 204, 204, 204
318, 204, 204, 204
319, 204, 204, 204
320, 204, 204, 204
321, 204, 204, 204
322, 204, 204, 204
323, 204, 204, 204
324, 204, 204, 204
325, 204, 204, 204
326, 204, 204, 204
327, 204, 204, 204
328, 204, 204, 204
329, 204, 204, 204
330, 204, 204, 204
331, 204, 204, 204
332, 204, 204, 204
333, 204, 204, 204
334, 204, 204, 204
335, 204, 204, 204
336, 204, 204, 204
337, 204, 204, 204
338, 204, 204, 204
339, 204, 204, 204
340, 204, 204, 204
341, 204, 204, 204
342, 204, 204, 204
343, 204, 204, 204
344, 204, 204, 204
345, 204, 204, 204
346, 204, 204, 204
347, 204, 204, 204
348, 204, 204, 204
349, 204, 204, 204
350, 204, 204, 204
351, 204, 204, 204
352, 204, 204, 204
353, 204, 204, 204
354, 204, 204, 204
355, 204, 204, 204
356, 204, 204, 204
357, 204, 204, 204
358, 204, 204, 204
359, 204, 204, 204
360, 204, 204, 204
361, 204, 204, 204
362, 204, 204, 204
363, 204, 204, 204
364, 204, 204, 204
365, 204, 204, 204
366, 204, 204, 204
367, 204, 204, 204
368, 204, 204, 204
369, 204, 204, 204
370, 204, 204, 204
371, 204, 204, 204
372, 204, 204, 204
373, 204, 204, 204
374, 204, 204, 204
375, 204, 204, 204
376, 204, 204, 204
377, 204, 204, 204
378, 204, 204, 204
379, 204, 204, 204
380, 204, 204, 204
381, 204, 204, 204
382, 204, 204, 204
383, 204, 204, 204
384, 204, 204, 204
385, 204, 204, 204
386, 204, 204, 204
387, 204, 204, 204
388, 204, 204, 204
389, 204, 204, 204
390, 204, 204, 204
391, 204, 204, 204
392, 204, 204, 204
393, 204, 204, 204
394, 204, 204, 204
395, 204, 204, 204
396, 204, 204, 204
397, 204, 204, 204
398, 204, 204, 204
399, 204, 204, 204
400, 204, 204, 204
401, 204, 204, 204
402, 204, 204, 204
403, 204, 204, 204
404, 204, 204, 204
405, 204, 204, 204
406, 204, 204, 204
407, 204, 204, 204
408, 204, 204, 204
409, 204, 204, 204
410, 204, 204, 204
411, 204, 204, 204
412, 204, 204, 204
413, 204, 204, 204
414, 204, 204, 204
415, 204, 204, 204
416, 204, 204, 204
417, 204, 204, 204
418, 204, 204, 204
419, 204, 204, 204
420, 204, 204, 204
421, 204, 204, 204
422, 204, 204, 204
423, 204, 204, 204
424, 204, 204, 204
425, 204, 204, 204
426, 204, 204, 204
427, 204, 204, 204
428, 204, 204, 204
429, 204, 204, 204
430, 204, 204, 204
431, 204, 204, 204
432, 204, 204, 204
433, 204, 204, 204
434, 204, 204, 204
435, 204, 204, 204
436, 204, 204, 204
437, 204, 204, 204
438, 204, 204, 204
439, 204, 204, 204
440, 204, 204, 204
441, 204, 204, 204
442, 204, 204, 204
443, 204, 204, 204
444, 204, 204, 204
445, 204, 204, 204
446, 204, 204, 204
447, 204, 204, 204
448, 204, 204, 204
449, 204, 204, 204
450, 204, 204, 204
451, 204, 204, 204
452, 204, 204, 204
453, 204, 204, 204
454, 204, 204, 204
455, 204, 204, 204
456, 204, 204, 204
457, 204, 204, 204
458, 204, 204, 204
459, 204, 204, 204
460, 204, 204, 204
461, 204, 204, 204
462, 204, 204, 204
463, 204, 204, 204
464, 204, 204, 204
465, 204, 204, 204
466, 204, 204, 204
467, 204, 204, 204
468, 204, 204, 204
469, 204, 204, 204
470, 204, 204, 204
471, 204, 204, 204
472, 204, 204, 204
473, 204, 204, 204
474, 204, 204, 204
475, 204, 204, 204
476, 204, 204, 204
477, 204, 204, 204
478, 204, 204, 204
479, 204, 204, 204
480, 204, 204, 204
481, 204, 204, 204
482, 204, 204, 204
483, 204, 204, 204
484, 204, 204, 204
485, 204, 204, 204
486, 204, 204, 204
487, 204, 204, 204
488, 204, 204, 204
489, 204, 204, 204
490, 204, 204, 204
491, 204, 204, 204
492, 204, 204, 204
493, 204, 204, 204
494, 204, 204, 204
495, 204, 204, 204
496, 204, 204, 204
497, 204, 204, 204
498, 204, 204, 204
499, 204, 204, 204
500, 204, 204, 204
501, 204, 204, 204
502, 204, 204, 204
503, 204, 204, 204
504, 204, 204, 204
505, 204, 204, 204
506, 204, 204, 204
507, 204, 204, 204
508, 204, 204, 204
509, 204, 204, 204
510, 204, 204, 204
511, 204, 204, 204
512, 204, 204, 204
513, 204, 204, 204
514, 204, 204, 204
515, 204, 204, 204
516, 204, 204, 204
517, 204, 204, 204
518, 204, 204, 204
519, 204, 204, 204
520, 204, 204, 204
521, 204, 204, 204
522, 204, 204, 204
523, 204, 204, 204
524, 204, 204, 204
525, 204, 204, 204
526, 204, 204, 204
527, 204, 204, 204
528, 204, 204, 204
529, 204, 204, 204
530, 204, 204, 204
531, 204, 204, 204
532, 204, 204, 204
533, 204, 204, 204
534, 204, 204, 204
535, 204, 204, 204
536, 204, 204, 204
537, 204, 204, 204
538, 204, 204, 204
539, 204, 204, 204
540, 204, 204, 204
541, 204, 204, 204
542, 204, 204, 204
543, 204, 204, 204
544, 204, 204, 204
545, 204, 204, 204
546, 204, 204, 204
547, 204, 204, 204
548, 204, 204, 204
549, 204, 204, 204
550, 204, 204, 204
551, 204, 204, 204
552, 204, 204, 204
553, 204, 204, 204
554, 204, 204, 204
555, 204, 204, 204
556, 204, 204, 204
557, 204, 204, 204
558, 204, 204, 204
559, 204, 204, 204
560, 204, 204, 204
561, 204, 204, 204
562, 204, 204, 204
563, 204, 204, 204
564, 204, 204, 204
565, 204, 204, 204
566, 204, 204, 204
567, 204, 204, 204
568, 204, 204, 204
569, 204, 204, 204
570, 204, 204, 204
571, 204, 204, 204
572, 204, 204, 204
573, 204, 204, 204
574, 204, 204, 204
575, 204, 204, 204
576, 204, 204, 204
577, 204, 204, 204
578, 204, 204, 204
579, 204, 204, 204
580, 204, 204, 204
581, 204, 204, 204
582, 204, 204, 204
583, 204, 204, 204
584, 204, 204, 204
585, 204, 204, 204
586, 204, 204, 204
587, 204, 204, 204
588, 204, 204, 204
589, 204, 204, 204
590, 204, 204, 204
591, 204, 204, 204
592, 204, 204, 204
593, 204, 204, 204
594, 204, 204, 204
595, 204, 204, 204
596, 204, 204, 204
597, 204, 204, 204
598, 204, 204, 204
599, 204, 204, 204
600, 204, 204, 204
601, 204, 204, 204
602, 204, 204, 204
603, 204, 204, 204
604, 204, 204, 204
605, 204, 204, 204
606, 204, 204, 204
607, 204, 204, 204
608, 204, 204, 204
609, 204, 204, 204
610, 204, 204, 204
611, 204, 204, 204
612, 204, 204, 204
613, 204, 204, 204
614, 204, 204, 204
615, 204, 204, 204
616, 204, 204, 204
617, 204, 204, 204
618, 204, 204, 204
619, 204, 204, 204
620, 204, 204, 204
621, 204, 204, 204
622, 204, 204, 204
623, 204, 204, 204
624, 204, 204, 204
625, 204, 204, 204
626, 204, 204, 204
627, 204, 204, 204
628, 204, 204, 204
629, 204, 204, 204
630, 204, 204, 204
631, 204, 204, 204
632, 204, 204, 204
633, 204, 204, 204
634, 204, 204, 204
635, 204, 204, 204
636, 204, 204, 204
637, 204, 204, 204
638, 204, 204, 204
639, 204, 204, 204
640, 204, 204, 204
641, 204, 204, 204
642, 204, 204, 204
643, 204, 204, 204
644, 204, 204, 204
645, 204, 204, 204
646, 204, 204, 204
647, 204, 204, 204
648, 204, 204, 204
649, 204, 204, 204
650, 204, 204, 204
651, 204, 204, 204
652, 204, 204, 204
653, 204, 204, 204
654, 204, 204, 204
655, 204, 204, 204
656, 204, 204, 204
657, 204, 204, 204
658, 204, 204, 204
659, 204, 204, 204
660, 204, 204, 204
661, 204, 204, 204
662, 204, 204, 204
663, 204, 204, 204
664, 204, 204, 204
665, 204, 204, 204
666, 204, 204, 204
667, 204, 204, 204
668, 204, 204, 204
669, 204, 204, 204
670, 204, 204, 204
671, 204, 204, 204
672, 204, 204, 204
673, 204, 204, 204
674, 204, 204, 204
675, 204, 204, 204
676, 204, 204, 204
677, 204, 204, 204
678, 204, 204, 204
679, 204, 204, 204
680, 204, 204, 204
681, 204, 204, 204
682, 204, 204, 204
683, 204, 204, 204
684, 204, 204, 204
685, 204, 204, 204
686, 204, 204, 204
687, 204, 204, 204
688, 204, 204, 204
689, 204, 204, 204
690, 204, 204, 204
691, 204, 204, 204
692, 204, 204, 204
693, 204, 204, 204
694, 204, 204, 204
695, 204, 204, 204
696, 204, 204, 204
697, 204, 204, 204
698, 204, 204, 204
699, 204, 204, 204
700, 204, 204, 204
701, 204, 204, 204
702, 204, 204, 204
703, 204, 204, 204
704, 204, 204, 204
705, 204, 204, 204
706, 204, 204, 204
707, 204, 204, 204
708, 204, 204, 204
709, 204, 204, 204
710, 204, 204, 204
711, 204, 204, 204
712, 204, 204, 204
713, 204, 204, 204
714, 204, 204, 204
715, 204, 204, 204
716, 204, 204, 204
717, 204, 204, 204
718, 204, 204, 204
719, 204, 204, 204
720, 204, 204, 204
721, 204, 204, 204
722, 204, 204, 204
723, 204, 204, 204
724, 204, 204, 204
725, 204, 204, 204
726, 204, 204, 204
727, 204, 204, 204
728, 204, 204, 204
729, 204, 204, 204
730, 204, 204, 204
731, 204, 204, 204
732, 204, 204, 204
733, 204, 204, 204
734, 204, 204, 204
735, 204, 204, 204
736, 204, 204, 204
737, 204, 204, 204
738, 204, 204, 204
739, 204, 204, 204
740, 204, 204, 204
741, 204, 204, 204
742, 204, 204, 204
743, 204, 204, 204
744, 204, 204, 204
745, 204, 204, 204
746, 204, 204, 204
747, 204, 204, 204
748, 204, 204, 204
749, 204, 204, 204
750, 204, 204, 204
751, 204, 204, 204
752, 204, 204, 204
753, 204, 204, 204
754, 204, 204, 204
755, 204, 204, 204
756, 204, 204, 204
757, 204, 204, 204
758, 204, 204, 204
759, 204, 204, 204
760, 204, 204, 204
761, 204, 204, 204
762, 204, 204, 204
763, 204, 204, 204
764, 204, 204, 204
765, 204, 204, 204
766, 204, 204, 204
767, 204, 204, 204
768, 204, 204, 204
769, 204, 204, 204
770, 204, 204, 204
771, 204, 204, 204
772, 204, 204, 204
773, 204, 204, 204
774, 204, 204, 204
775, 204, 204, 204
776, 204, 204, 204
777, 204, 204, 204
778, 204, 204, 204
779, 204, 204, 204
780, 204, 204, 204
781, 204, 204, 204
782, 204, 204, 204
783, 204, 204, 204
784, 204, 204, 204
785, 204, 204, 204
786, 204, 204, 204
787, 204, 204, 204
788, 204, 204, 204
789, 204, 204, 204
790, 204, 204, 204
791, 204, 204, 204
792, 204, 204, 204
793, 204, 204, 204
794, 204, 204, 204
795, 204, 204, 204
796, 204, 204, 204
797, 204, 204, 204
798, 204, 204, 204
799, 204, 204, 204
800, 204, 204, 204
801, 204, 204, 204
802, 204, 204, 204
803, 204, 204, 204
804, 204, 204, 204
805, 204, 204, 204
806, 204, 204, 204
807, 204, 204, 204
808, 204, 204, 204
809, 204, 204, 204
810, 204, 204, 204
811, 204, 204, 204
812, 204, 204, 204
813, 204, 204, 204
814, 204, 204, 204
815, 204, 204, 204
816, 204, 204, 204
817, 204, 204, 204
818, 204, 204, 204
819, 204, 204, 204
820, 204, 204, 204
821, 204, 204, 204
822, 204, 204, 204
823, 204, 204, 204
824, 204, 204, 204
825, 204, 204, 204
826, 204, 204, 204
827, 204, 204, 204
828, 204, 204, 204
829, 204, 204, 204
830, 204, 204, 204
831, 204, 204, 204
832, 204, 204, 204
833, 204, 204, 204
834, 204, 204, 204
835, 204, 204, 204
836, 204, 204, 204
837, 204, 204, 204
838, 204, 204, 204
839, 204, 204, 204
840, 204, 204, 204
841, 204, 204, 204
842, 204, 204, 204
843, 204, 204, 204
844, 204, 204, 204
845, 204, 204, 204
846, 204, 204, 204
847, 204, 204, 204
848, 204, 204, 204
849, 204, 204, 204
850, 204, 204, 204
851, 204, 204, 204
852, 204, 204, 204
853, 204, 204, 204
854, 204, 204, 204
855, 204, 204, 204
856, 204, 204, 204
857, 204, 204, 204
858, 204, 204, 204
859, 204, 204, 204
860, 204, 204, 204
861, 204, 204, 204
862, 204, 204, 204
863, 204, 204, 204
864, 204, 204, 204
865, 204, 204, 204
866, 204, 204, 204
867, 204, 204, 204
868, 204, 204, 204
869, 204, 204, 204
870, 204, 204, 204
871, 204, 204, 204
872, 204, 204, 204
873, 204, 204, 204
874, 204, 204, 204
875, 204, 204, 204
876, 204, 204, 204
877, 204, 204, 204
878, 204, 204, 204
879, 204, 204, 204
880, 204, 204, 204
881, 204, 204, 204
882, 204, 204, 204
883, 204, 204, 204
884, 204, 204, 204
885, 204, 204, 204
886, 204, 204, 204
887, 204, 204, 204
888, 204, 204, 204
889, 204, 204, 204
890, 204, 204, 204
891, 204, 204, 204
892, 204, 204, 204
893, 204, 204, 204
894, 204, 204, 204
895, 204, 204, 204
896, 204, 204, 204
897, 204, 204, 204
898, 204, 204, 204
899, 204, 204, 204
900, 204, 204, 204
901, 204, 204, 204
902, 204, 204, 204
903, 204, 204, 204
904, 204, 204, 204
905, 204, 204, 204
906, 204, 204, 204
907, 204, 204, 204
908, 204, 204, 204
909, 204, 204, 204
910, 204, 204, 204
911, 204, 204, 204
912, 204, 204, 204
913, 204, 204, 204
914, 204, 204, 204
915, 204, 204, 204
916, 204, 204, 204
917, 204, 204, 204
918, 204, 204, 204
919, 204, 204, 204
920, 204, 204, 204
921, 204, 204, 204
922, 204, 204, 204
923, 204, 204, 204
924, 204, 204, 204
925, 204, 204, 204
926, 204, 204, 204
927, 204, 204, 204
928, 204, 204, 204
929, 204, 204, 204
930, 204, 204, 204
931, 204, 204, 204
932, 204, 204, 204
933, 204, 204, 204
934, 204, 204, 204
935, 204, 204, 204
936, 204, 204, 204
937, 204, 204, 204
938, 204, 204, 204
939, 204, 204, 204
940, 204, 204, 204
941, 204, 204, 204
942, 204, 204, 204
943, 204, 204, 204
944, 204, 204, 204
945, 204, 204, 204
946, 204, 204, 204
947, 204, 204, 204
948, 204, 204, 204
949, 204, 204, 204
950, 204, 204, 204
951, 204, 204, 204
952, 204, 204, 204
953, 204, 204, 204
954, 204, 204, 204
955, 204, 204, 204
956, 204, 204, 204
957, 204, 204, 204
958, 204, 204, 204
959, 204, 204, 204
960, 204, 204, 204

Textures, 0
UV Map Id:, Texture Wrapping, Texture_Path

UVMaps, 0
Triangle:, UV Map Id:, vector1_uv_x, vector1_uv_y, vector2_uv_x, vector2_uv_y, vector3_uv_x, vector3_uv_x
